title,url,time-update
แฟนหงส์มีเคือง!ร้านพนันชูตำนานลิเวอร์พูลเต็งคุมวิลล่า,https://www.siamsport.co.th/football/premierleague/view/257847,4 ชั่วโมง ที่แล้ว
อย่าแซวแรง!พี่ชายลินการ์ดโพสต์เหน็บเกมแมนเชสเตอร์ดาร์บี้เจ็บจี๊ด,https://www.siamsport.co.th/football/premierleague/view/257843,4 ชั่วโมง ที่แล้ว
เนื้อหอมเหลือเกิน!วิลล่าล็อกเป้าเจอร์ราร์ดกอบกู้สถานการณ์,https://www.siamsport.co.th/football/premierleague/view/257849,4 ชั่วโมง ที่แล้ว
ต้องท๊อปโฟร์! มอยส์ลั่นพาเวสต์แฮมตีตั๋วชปล.หลังล้มลิเวอร์พูล,https://www.siamsport.co.th/football/premierleague/view/257865,7 ชั่วโมง ที่แล้ว
มหาเทพคู่ควรคะแนนเยอะสุด! ตัดเกรดนักเตะลิเวอร์พูล เกมพ่าย เวสต์แฮม,https://www.siamsport.co.th/football/premierleague/view/257861,7 ชั่วโมง ที่แล้ว
ฟาวล์ชัดๆ! คล็อปป์ว้ากเปาเป่าให้เวสต์แฮมเฮก่อนน่าฉงน,https://www.siamsport.co.th/football/premierleague/view/257859,8 ชั่วโมง ที่แล้ว
หงส์แพ้นัดแรก! เวสต์แฮมเจ๋งเบียดลิเวอร์พูลแซงขึ้นที่3จี้จ่าฝูงสามแต้ม,https://www.siamsport.co.th/football/premierleague/view/257855,9 ชั่วโมง ที่แล้ว
ปากแข็ง? คอนเต้ยันพอใจสเปอร์สบุกเจ๊าเอฟเวอร์ตัน,https://www.siamsport.co.th/football/premierleague/view/257853,10 ชั่วโมง ที่แล้ว
โซลชาดีพอมั้ย? เผยอันดับแมนยูวัดจากกลุ่มบิ๊กซิกซ์บู๊กัน,https://www.siamsport.co.th/football/premierleague/view/257842,11 ชั่วโมง ที่แล้ว
แบดไทยซิวดับเบิ้ลแชมป์บาส-ปอป้อ ย้ำแค้นคู่อินโดผงาดแชมป์ขนไก่เยอรมัน,https://www.siamsport.co.th/badminton/other/view/257837,11 ชั่วโมง ที่แล้ว
บอกแล้วคนนี้ของจริง! อาร์เตต้า สถิติชนะเหนือ เวนเกอร์ คุมอาร์เซน่อลครบ 100 เกม,https://www.siamsport.co.th/football/premierleague/view/257873,5 ชั่วโมง ที่แล้ว
ทัวร์ลงเต็มคันรถ!พอว์สันโดนจวกตัดสินห่วยทำเฮนโด้เกือบขาหัก,https://www.siamsport.co.th/football/premierleague/view/257867,6 ชั่วโมง ที่แล้ว
หงส์โดนค้อนทุบ!,https://www.siamsport.co.th/column/detail/75110,8 ชั่วโมง ที่แล้ว
ทำแบบนี้ได้ไง!รานิเอรี่จวกอาร์เซน่อลไร้น้ำใจนักกีฬา,https://www.siamsport.co.th/football/premierleague/view/257857,9 ชั่วโมง ที่แล้ว
ปากแข็ง? คอนเต้ยันพอใจสเปอร์สบุกเจ๊าเอฟเวอร์ตัน,https://www.siamsport.co.th/football/premierleague/view/257853,10 ชั่วโมง ที่แล้ว
โซลชาดีพอมั้ย? เผยอันดับแมนยูวัดจากกลุ่มบิ๊กซิกซ์บู๊กัน,https://www.siamsport.co.th/football/premierleague/view/257842,11 ชั่วโมง ที่แล้ว
แบดไทยซิวดับเบิ้ลแชมป์บาส-ปอป้อ ย้ำแค้นคู่อินโดผงาดแชมป์ขนไก่เยอรมัน,https://www.siamsport.co.th/badminton/other/view/257837,11 ชั่วโมง ที่แล้ว
คอนเต้เปิดตัวลีก1แต้ม! เอฟเวอร์ตันโดนVARริบโทษ-แจกแดงเจ๊าสเปอร์ส,https://www.siamsport.co.th/football/premierleague/view/257841,12 ชั่วโมง ที่แล้ว
ครีม บุศนันทน์  ไม่พลาดตบ เหยา เจียหมิน ผงาดแชมป์เวิลด์ทัวร์ 500 ครั้งแรก,https://www.siamsport.co.th/badminton/other/view/257832,12 ชั่วโมง ที่แล้ว
ลีดส์เซ็งขึ้นนำ 73 วินาที โดนเลสเตอร์บี้แชร์แต้ม ทำชวดเฮ2เกมติด,https://www.siamsport.co.th/football/premierleague/view/257838,12 ชั่วโมง ที่แล้ว
โอบาบอดโทษ-สมิธโรว์หวดชัย! อาร์เซน่อลเฉือนวัตฟอร์ด10คนหืดแซงผีขึ้นที่5,https://www.siamsport.co.th/football/premierleague/view/257840,12 ชั่วโมง ที่แล้ว
โซลชาไปแน่! สื่อเผยชื่อกุนซือใหม่แมนยูซีซั่นหน้า,https://www.siamsport.co.th/football/premierleague/view/257836,12 ชั่วโมง ที่แล้ว
เอาไงดีโซลชา!สโคลส์ชี้3-5-2ไม่เหมาะกับแมนยู,https://www.siamsport.co.th/football/premierleague/view/257834,13 ชั่วโมง ที่แล้ว
ทางการ!วิลล่าเด้งสมิธเซ่นผลงานแย่-โซลชาเต็งจ๋ารายต่อไป,https://www.siamsport.co.th/football/premierleague/view/257826,14 ชั่วโมง ที่แล้ว
ซานโช่ร่วงแต่ยังติดท็อป10นักเตะค่าตัวประเมินแพงสุด,https://www.siamsport.co.th/football/premierleague/view/257816,17 ชั่วโมง ที่แล้ว
หยามจมดิน! เป๊ปยันแมนซิตี้บุกล้มแมนยูถี่ยิบ สถิติชี้เมืองนี้กลายเป็นสีฟ้า,https://www.siamsport.co.th/football/premierleague/view/257687,17 ชั่วโมง ที่แล้ว
ติอาโก้เต็มถัง!4จุดสำคัญลิเวอร์พูลซ้อมมื้อท้ายก่อนฟัดเวสต์แฮม,https://www.siamsport.co.th/football/premierleague/view/257812,17 ชั่วโมง ที่แล้ว
ศึกสายเลือด! ครีม บุศนันทน์ พลิกเฮแซงชนะ จิว พิทยาภรณ์ สุดมันส์ เข้าชิงแบดเยอรมัน,https://www.siamsport.co.th/badminton/other/view/257682,18 ชั่วโมง ที่แล้ว
ใครจะไปก่อนกัน?บ่อนเปิดกุนซือเด้งรายต่อไป-โซลชาสูสีเต็ง1,https://www.siamsport.co.th/football/premierleague/view/257796,19 ชั่วโมง ที่แล้ว
ปวดใจ!เพื่อนเล่นแบบนี้ทำเดเคอาอาการออกตอนพักครึ่ง (มีคลิป),https://www.siamsport.co.th/football/premierleague/view/257784,20 ชั่วโมง ที่แล้ว